Type,Name,Request Count,Failure Count,Median Response Time,Average Response Time,Min Response Time,Max Response Time,Average Content Size,Requests/s,Failures/s,50%,66%,75%,80%,90%,95%,98%,99%,99.9%,99.99%,100%
GET,auth.bootstrap,728,0,5200.0,5292.330586675991,489.33199999737553,9025.057899998501,2841.0,6.156866703572137,0.0,5200,5700,6000,6200,7300,7800,8500,8800,9000,9000,9000
POST,auth.login,728,0,5700.0,5721.7953028848115,1019.6093000122346,9542.415699994308,996.0,6.156866703572137,0.0,5700,6100,6400,6600,7900,8600,9200,9400,9500,9500,9500
,Aggregated,1456,0,5400.0,5507.0629447804,489.33199999737553,9542.415699994308,1918.5,12.313733407144275,0.0,5400,5900,6200,6500,7600,8400,8900,9200,9500,9500,9500
