Type,Name,Request Count,Failure Count,Median Response Time,Average Response Time,Min Response Time,Max Response Time,Average Content Size,Requests/s,Failures/s,50%,66%,75%,80%,90%,95%,98%,99%,99.9%,99.99%,100%
GET,auth.bootstrap,742,0,3800.0,3959.473790296385,44.76030000660103,7504.376800003229,2841.0,6.245724138671915,0.0,3800,4200,4400,4700,5300,5900,6400,6800,7500,7500,7500
POST,auth.login,742,0,4300.0,4380.510256334221,880.9885000082431,7974.365800007945,996.0,6.245724138671915,0.0,4300,4600,5000,5200,5900,6500,7000,7500,8000,8000,8000
,Aggregated,1484,0,4100.0,4169.992023315302,44.76030000660103,7974.365800007945,1918.5,12.49144827734383,0.0,4100,4400,4800,5000,5700,6200,6800,7000,7800,8000,8000
