Type,Name,Request Count,Failure Count,Median Response Time,Average Response Time,Min Response Time,Max Response Time,Average Content Size,Requests/s,Failures/s,50%,66%,75%,80%,90%,95%,98%,99%,99.9%,99.99%,100%
GET,auth.bootstrap,753,0,2400.0,2507.46988565731,7.659999988391064,5466.963800005033,2841.0,6.3664878365659545,0.0,2400,2700,3100,3200,3500,3800,4200,4600,5500,5500,5500
POST,auth.login,753,0,2900.0,2955.8875321381133,414.8414999945089,5366.099999999278,996.0,6.3664878365659545,0.0,2900,3200,3700,3800,4100,4400,4700,5100,5400,5400,5400
,Aggregated,1506,0,2600.0,2731.6787088977117,7.659999988391064,5466.963800005033,1918.5,12.732975673131909,0.0,2600,3000,3300,3500,3900,4200,4600,4800,5400,5500,5500
