Type,Name,Request Count,Failure Count,Median Response Time,Average Response Time,Min Response Time,Max Response Time,Average Content Size,Requests/s,Failures/s,50%,66%,75%,80%,90%,95%,98%,99%,99.9%,99.99%,100%
GET,auth.bootstrap,652,0,7100.0,7391.741786656708,92.90040000632871,12663.855799997691,2841.0,5.536486356924023,0.0,7100,8100,8500,9100,10000,11000,12000,12000,13000,13000,13000
POST,auth.login,652,0,7900.0,7935.270871625659,467.16400000150315,13091.21289999166,996.0,5.536486356924023,0.0,7900,8600,9200,9700,11000,12000,13000,13000,13000,13000,13000
,Aggregated,1304,0,7500.0,7663.506329141194,92.90040000632871,13091.21289999166,1918.5,11.072972713848046,0.0,7500,8400,8900,9500,11000,12000,12000,13000,13000,13000,13000
