Type,Name,Request Count,Failure Count,Median Response Time,Average Response Time,Min Response Time,Max Response Time,Average Content Size,Requests/s,Failures/s,50%,66%,75%,80%,90%,95%,98%,99%,99.9%,99.99%,100%
GET,auth.bootstrap,792,0,920.0,971.7726684344836,15.969900006894022,3124.593200001982,2841.0,6.685745148358885,0.0,920,1100,1200,1300,1600,1900,2100,2200,3100,3100,3100
POST,auth.login,792,0,1400.0,1442.962569823103,509.33509999595117,3539.4369999994524,996.0,6.685745148358885,0.0,1400,1600,1700,1800,2100,2300,2700,3000,3500,3500,3500
,Aggregated,1584,0,1100.0,1207.3676191287932,15.969900006894022,3539.4369999994524,1918.5,13.37149029671777,0.0,1100,1400,1500,1600,1900,2200,2400,2800,3500,3500,3500
