Type,Name,Request Count,Failure Count,Median Response Time,Average Response Time,Min Response Time,Max Response Time,Average Content Size,Requests/s,Failures/s,50%,66%,75%,80%,90%,95%,98%,99%,99.9%,99.99%,100%
POST,auth.login,416,0,13000.0,14515.597433894278,4683.794700002181,23688.794400004554,1218.0,3.518691299425774,0.0,13000,18000,19000,19000,22000,23000,23000,23000,24000,24000,24000
,Aggregated,416,0,13000.0,14515.597433894278,4683.794700002181,23688.794400004554,1218.0,3.518691299425774,0.0,13000,18000,19000,19000,22000,23000,23000,23000,24000,24000,24000
