Type,Name,Request Count,Failure Count,Median Response Time,Average Response Time,Min Response Time,Max Response Time,Average Content Size,Requests/s,Failures/s,50%,66%,75%,80%,90%,95%,98%,99%,99.9%,99.99%,100%
POST,auth.login,378,0,25000.0,25153.121715080313,7066.297099998337,41538.60090000671,1218.0,3.195610181471506,0.0,25000,30000,33000,34000,35000,38000,40000,41000,42000,42000,42000
,Aggregated,378,0,25000.0,25153.121715080313,7066.297099998337,41538.60090000671,1218.0,3.195610181471506,0.0,25000,30000,33000,34000,35000,38000,40000,41000,42000,42000,42000
