Type,Name,Request Count,Failure Count,Median Response Time,Average Response Time,Min Response Time,Max Response Time,Average Content Size,Requests/s,Failures/s,50%,66%,75%,80%,90%,95%,98%,99%,99.9%,99.99%,100%
POST,auth.login,412,0,16000.0,18931.291208980354,9320.966700004647,32878.79950000206,1218.0,3.486124882891853,0.0,16000,26000,26000,27000,31000,32000,32000,33000,33000,33000,33000
,Aggregated,412,0,16000.0,18931.291208980354,9320.966700004647,32878.79950000206,1218.0,3.486124882891853,0.0,16000,26000,26000,27000,31000,32000,32000,33000,33000,33000,33000
