Type,Name,Request Count,Failure Count,Median Response Time,Average Response Time,Min Response Time,Max Response Time,Average Content Size,Requests/s,Failures/s,50%,66%,75%,80%,90%,95%,98%,99%,99.9%,99.99%,100%
POST,auth.login,400,0,10000.0,10433.487912500246,2088.8611000118544,15878.533199997037,1218.0,3.3803311177167052,0.0,10000,11000,12000,12000,14000,15000,15000,16000,16000,16000,16000
,Aggregated,400,0,10000.0,10433.487912500246,2088.8611000118544,15878.533199997037,1218.0,3.3803311177167052,0.0,10000,11000,12000,12000,14000,15000,15000,16000,16000,16000,16000
