Type,Name,Request Count,Failure Count,Median Response Time,Average Response Time,Min Response Time,Max Response Time,Average Content Size,Requests/s,Failures/s,50%,66%,75%,80%,90%,95%,98%,99%,99.9%,99.99%,100%
GET,auth.bootstrap,798,0,610.0,699.1090823311308,6.637999991653487,3122.7232000092044,2841.0,6.716066059063292,0.0,620,880,1000,1200,1500,1800,2200,2700,3100,3100,3100
POST,auth.login,798,0,1600.0,1726.5476164154045,437.40450000041164,4591.472000000067,996.0,6.716066059063292,0.0,1600,1900,2100,2200,2700,3100,3600,3900,4600,4600,4600
,Aggregated,1596,0,1100.0,1212.8283493732677,6.637999991653487,4591.472000000067,1918.5,13.432132118126583,0.0,1100,1500,1700,1900,2300,2700,3300,3600,4300,4600,4600
