Type,Name,Request Count,Failure Count,Median Response Time,Average Response Time,Min Response Time,Max Response Time,Average Content Size,Requests/s,Failures/s,50%,66%,75%,80%,90%,95%,98%,99%,99.9%,99.99%,100%
GET,auth.bootstrap,738,0,5100.0,6100.4323604329975,10.487099993042648,12571.053100022255,2841.0,6.231877816766442,0.0,5200,7600,8600,9000,10000,11000,12000,12000,13000,13000,13000
POST,auth.login,738,0,6000.0,6956.4488760161275,782.0080000092275,14081.173800019315,996.0,6.231877816766442,0.0,6100,8400,9300,9800,11000,12000,13000,13000,14000,14000,14000
,Aggregated,1476,0,5800.0,6528.440618224568,10.487099993042648,14081.173800019315,1918.5,12.463755633532884,0.0,5800,7900,8900,9500,11000,11000,12000,13000,13000,14000,14000
