Type,Name,Request Count,Failure Count,Median Response Time,Average Response Time,Min Response Time,Max Response Time,Average Content Size,Requests/s,Failures/s,50%,66%,75%,80%,90%,95%,98%,99%,99.9%,99.99%,100%
GET,auth.bootstrap,795,0,4600.0,4663.387539119787,18.83879999513738,8559.144099999685,2841.0,6.716723173296636,0.0,4600,5100,5400,5700,6300,6900,7500,8000,8600,8600,8600
POST,auth.login,795,0,5600.0,5558.685917233242,585.7340999937151,9770.28289998998,996.0,6.716723173296636,0.0,5600,6100,6300,6600,7300,7800,8600,8900,9800,9800,9800
,Aggregated,1590,0,5100.0,5111.036728176517,18.83879999513738,9770.28289998998,1918.5,13.433446346593271,0.0,5100,5600,6000,6200,6900,7400,8200,8600,9300,9800,9800
