Type,Name,Request Count,Failure Count,Median Response Time,Average Response Time,Min Response Time,Max Response Time,Average Content Size,Requests/s,Failures/s,50%,66%,75%,80%,90%,95%,98%,99%,99.9%,99.99%,100%
GET,auth.bootstrap,754,0,3600.0,3635.5297665787325,7.204900000942871,7967.382900009397,2841.0,6.356198824996128,0.0,3600,4300,4700,5000,5600,6200,6900,7200,8000,8000,8000
POST,auth.login,754,0,4700.0,4576.821928116292,497.3269999900367,9661.989099986386,996.0,6.356198824996128,0.0,4700,5300,5700,6000,6700,7400,8100,8500,9700,9700,9700
,Aggregated,1508,0,4100.0,4106.175847347511,7.204900000942871,9661.989099986386,1918.5,12.712397649992257,0.0,4100,4800,5300,5500,6200,6900,7700,8100,9200,9700,9700
