Type,Name,Request Count,Failure Count,Median Response Time,Average Response Time,Min Response Time,Max Response Time,Average Content Size,Requests/s,Failures/s,50%,66%,75%,80%,90%,95%,98%,99%,99.9%,99.99%,100%
GET,auth.bootstrap,790,0,2100.0,2118.054010000086,12.998499994864687,5605.904500000179,2841.0,6.645245092921931,0.0,2100,2800,3100,3300,3700,4300,4900,5000,5600,5600,5600
POST,auth.login,790,0,3200.0,3152.975391519486,775.7751999888569,6607.494299998507,996.0,6.645245092921931,0.0,3200,3800,4100,4300,4800,5300,5800,6100,6600,6600,6600
,Aggregated,1580,0,2600.0,2635.5147007597866,12.998499994864687,6607.494299998507,1918.5,13.290490185843861,0.0,2600,3300,3700,3900,4500,5000,5500,5800,6600,6600,6600
