Type,Name,Request Count,Failure Count,Median Response Time,Average Response Time,Min Response Time,Max Response Time,Average Content Size,Requests/s,Failures/s,50%,66%,75%,80%,90%,95%,98%,99%,99.9%,99.99%,100%
GET,auth.bootstrap,686,0,300.0,543.4562518951761,18.440399988321587,2907.2225999989314,2845.0,5.839485211665793,0.0,300,580,680,730,1300,1800,2300,2700,2900,2900,2900
POST,auth.login,686,0,2200.0,2319.894347959023,358.3872000017436,4115.381299998262,1002.0,5.839485211665793,0.0,2200,2500,2700,2800,3200,3600,3900,4000,4100,4100,4100
,Aggregated,1372,0,1400.0,1431.6752999271016,18.440399988321587,4115.381299998262,1923.5,11.678970423331586,0.0,1500,2100,2300,2400,2800,3200,3700,3900,4100,4100,4100
