Type,Name,Request Count,Failure Count,Median Response Time,Average Response Time,Min Response Time,Max Response Time,Average Content Size,Requests/s,Failures/s,50%,66%,75%,80%,90%,95%,98%,99%,99.9%,99.99%,100%
GET,auth.bootstrap,629,0,6800.0,6893.879884419623,58.4647999930894,11134.137600005488,2845.0,5.303006983330393,0.0,6800,7500,8100,8300,9200,9900,11000,11000,11000,11000,11000
POST,auth.login,629,0,8600.0,8370.099062479878,798.9497999951709,12922.15679999208,1002.0,5.303006983330393,0.0,8600,9300,9700,10000,11000,11000,11000,11000,13000,13000,13000
,Aggregated,1258,0,7600.0,7631.989473449755,58.4647999930894,12922.15679999208,1923.5,10.606013966660786,0.0,7600,8500,9100,9300,10000,11000,11000,11000,13000,13000,13000
