Type,Name,Request Count,Failure Count,Median Response Time,Average Response Time,Min Response Time,Max Response Time,Average Content Size,Requests/s,Failures/s,50%,66%,75%,80%,90%,95%,98%,99%,99.9%,99.99%,100%
GET,auth.bootstrap,618,0,3700.0,4025.082506149375,40.60010000830516,12405.726000011782,2845.0,5.702565437815029,0.0,3700,4200,4900,5200,6700,8200,9600,10000,12000,12000,12000
POST,auth.login,618,0,8500.0,8354.277953074561,768.246799998451,12948.657400003867,1002.0,5.702565437815029,0.0,8500,9700,10000,11000,12000,12000,13000,13000,13000,13000,13000
,Aggregated,1236,0,5800.0,6189.680229611965,40.60010000830516,12948.657400003867,1923.5,11.405130875630057,0.0,5800,7800,8600,9300,11000,12000,12000,13000,13000,13000,13000
