Type,Name,Request Count,Failure Count,Median Response Time,Average Response Time,Min Response Time,Max Response Time,Average Content Size,Requests/s,Failures/s,50%,66%,75%,80%,90%,95%,98%,99%,99.9%,99.99%,100%
GET,auth.bootstrap,628,0,740.0,1398.6874484073999,29.38170000561513,5955.827099998714,2845.0,5.418583747252067,0.0,740,1100,2200,2800,3600,4300,5000,5600,6000,6000,6000
POST,auth.login,628,0,5500.0,5246.227625477214,658.9964000013424,8179.465799999889,1002.0,5.418583747252067,0.0,5500,5800,6100,6500,7500,7800,8000,8100,8200,8200,8200
,Aggregated,1256,0,3300.0,3322.4575369423114,29.38170000561513,8179.465799999889,1923.5,10.837167494504135,0.0,3300,4900,5500,5700,6500,7500,7900,8000,8200,8200,8200
