Type,Name,Request Count,Failure Count,Median Response Time,Average Response Time,Min Response Time,Max Response Time,Average Content Size,Requests/s,Failures/s,50%,66%,75%,80%,90%,95%,98%,99%,99.9%,99.99%,100%
GET,auth.bootstrap,367,0,5000.0,4806.008316893769,7.669200000236742,7353.376699989894,2841.0,6.214426080567747,0.0,5000,5500,5700,6000,6500,6800,7100,7200,7400,7400,7400
POST,auth.login,367,0,5300.0,5158.072928065402,346.0650000051828,7746.141600000556,996.0,6.214426080567747,0.0,5300,6000,6200,6500,7100,7300,7500,7600,7700,7700,7700
,Aggregated,734,0,5100.0,4982.040622479593,7.669200000236742,7746.141600000556,1918.5,12.428852161135493,0.0,5100,5700,6000,6200,6700,7200,7500,7500,7700,7700,7700
