Type,Name,Request Count,Failure Count,Median Response Time,Average Response Time,Min Response Time,Max Response Time,Average Content Size,Requests/s,Failures/s,50%,66%,75%,80%,90%,95%,98%,99%,99.9%,99.99%,100%
GET,auth.bootstrap,374,0,2300.0,2343.0647128347614,50.922099995659664,4097.965699998895,2841.0,6.407766793108436,0.0,2300,2400,2600,2800,3200,3600,3700,4000,4100,4100,4100
POST,auth.login,374,0,2700.0,2814.0229609621224,910.6211999896914,4577.9908999975305,996.0,6.407766793108436,0.0,2700,2900,3100,3400,3800,4100,4400,4400,4600,4600,4600
,Aggregated,748,0,2500.0,2578.543836898439,50.922099995659664,4577.9908999975305,1918.5,12.815533586216873,0.0,2500,2800,2900,3000,3500,3900,4200,4400,4600,4600,4600
