Type,Name,Request Count,Failure Count,Median Response Time,Average Response Time,Min Response Time,Max Response Time,Average Content Size,Requests/s,Failures/s,50%,66%,75%,80%,90%,95%,98%,99%,99.9%,99.99%,100%
GET,auth.bootstrap,705,0,260.0,468.33786978714534,17.893700001877733,3481.433199995081,2845.0,5.96693732161207,0.0,260,290,380,520,1300,1700,2100,2400,3500,3500,3500
POST,auth.login,705,0,2300.0,2329.5213356029763,354.2454000125872,4378.886400008923,1002.0,5.96693732161207,0.0,2300,2500,2700,2800,3000,3500,3600,3900,4400,4400,4400
,Aggregated,1410,0,1500.0,1398.929602695061,17.893700001877733,4378.886400008923,1923.5,11.93387464322414,0.0,1500,2100,2300,2400,2800,3000,3500,3600,4300,4400,4400
