Type,Name,Request Count,Failure Count,Median Response Time,Average Response Time,Min Response Time,Max Response Time,Average Content Size,Requests/s,Failures/s,50%,66%,75%,80%,90%,95%,98%,99%,99.9%,99.99%,100%
GET,auth.bootstrap,614,0,7300.0,7257.316597557372,1976.0733000002801,12458.254199998919,2845.0,5.212990904871579,0.0,7300,7900,8400,8600,9500,10000,11000,12000,12000,12000,12000
POST,auth.login,614,0,9200.0,8891.739479152984,2232.007499987958,13961.934999999357,1002.0,5.212990904871579,0.0,9200,9800,10000,11000,11000,12000,12000,13000,14000,14000,14000
,Aggregated,1228,0,8300.0,8074.528038355173,1976.0733000002801,13961.934999999357,1923.5,10.425981809743158,0.0,8300,9100,9500,9800,11000,11000,12000,12000,13000,14000,14000
