Type,Name,Request Count,Failure Count,Median Response Time,Average Response Time,Min Response Time,Max Response Time,Average Content Size,Requests/s,Failures/s,50%,66%,75%,80%,90%,95%,98%,99%,99.9%,99.99%,100%
GET,auth.bootstrap,624,0,1500.0,2158.1151624999475,52.35889999312349,8560.904700003448,2845.0,5.572964226250706,0.0,1500,2100,3000,3600,4500,5800,6200,7000,8600,8600,8600
POST,auth.login,624,0,7500.0,7406.727733653627,601.8115000042599,13475.57219999726,1002.0,5.572964226250706,0.0,7500,8200,8800,8800,10000,11000,13000,13000,13000,13000,13000
,Aggregated,1248,0,4600.0,4782.421448076786,52.35889999312349,13475.57219999726,1923.5,11.145928452501412,0.0,4700,6800,7500,7900,8800,10000,13000,13000,13000,13000,13000
