Type,Name,Request Count,Failure Count,Median Response Time,Average Response Time,Min Response Time,Max Response Time,Average Content Size,Requests/s,Failures/s,50%,66%,75%,80%,90%,95%,98%,99%,99.9%,99.99%,100%
GET,auth.bootstrap,648,0,4300.0,4615.112770524424,24.854999996023253,10635.576400003629,2845.0,5.481941902927314,0.0,4300,5300,5600,5900,7100,8500,8900,9400,11000,11000,11000
POST,auth.login,648,0,7400.0,7655.46465354946,577.4740000051679,13472.590799996397,1002.0,5.481941902927314,0.0,7400,8700,10000,11000,11000,12000,13000,13000,13000,13000,13000
,Aggregated,1296,0,5700.0,6135.288712036941,24.854999996023253,13472.590799996397,1923.5,10.963883805854628,0.0,5700,6900,7800,8500,11000,11000,12000,13000,13000,13000,13000
