Type,Name,Request Count,Failure Count,Median Response Time,Average Response Time,Min Response Time,Max Response Time,Average Content Size,Requests/s,Failures/s,50%,66%,75%,80%,90%,95%,98%,99%,99.9%,99.99%,100%
GET,auth.bootstrap,660,0,600.0,1101.0282272730503,16.501999998581596,7036.421700002393,2845.0,5.786678957496572,0.0,610,730,900,1400,3000,3700,4400,5500,7000,7000,7000
POST,auth.login,660,0,5500.0,5080.105154545464,594.75580000435,7388.069400010863,1002.0,5.786678957496572,0.0,5500,5700,5900,6100,6200,6400,6900,7300,7400,7400,7400
,Aggregated,1320,0,3100.0,3090.5666909092643,16.501999998581596,7388.069400010863,1923.5,11.573357914993144,0.0,3100,5000,5600,5700,6100,6300,6500,6900,7400,7400,7400
