Type,Name,Request Count,Failure Count,Median Response Time,Average Response Time,Min Response Time,Max Response Time,Average Content Size,Requests/s,Failures/s,50%,66%,75%,80%,90%,95%,98%,99%,99.9%,99.99%,100%
GET,auth.bootstrap,804,0,5300.0,5157.235915422102,9.646299993619323,12768.588400009321,2841.0,6.728949954814223,0.0,5300,6400,7000,7400,9500,10000,11000,12000,13000,13000,13000
POST,auth.login,804,0,7100.0,6895.551107587188,722.6588999910746,14405.783399997745,996.0,6.728949954814223,0.0,7100,8200,8900,9300,11000,12000,13000,13000,14000,14000,14000
,Aggregated,1608,0,6000.0,6026.393511504651,9.646299993619323,14405.783399997745,1918.5,13.457899909628447,0.0,6000,7300,8100,8700,10000,11000,12000,13000,14000,14000,14000
