Type,Name,Request Count,Failure Count,Median Response Time,Average Response Time,Min Response Time,Max Response Time,Average Content Size,Requests/s,Failures/s,50%,66%,75%,80%,90%,95%,98%,99%,99.9%,99.99%,100%
GET,auth.bootstrap,786,0,3500.0,4079.212067048364,7.275599986314774,12913.62969999318,2841.0,6.5962847442579555,0.0,3500,5100,6400,7300,8600,9500,11000,12000,13000,13000,13000
POST,auth.login,786,0,5600.0,6156.786800509208,365.38169998675585,16012.284099997487,996.0,6.5962847442579555,0.0,5600,7200,8600,9300,11000,12000,14000,14000,16000,16000,16000
,Aggregated,1572,0,4600.0,5117.999433778786,7.275599986314774,16012.284099997487,1918.5,13.192569488515911,0.0,4600,6300,7600,8200,9800,11000,12000,14000,15000,16000,16000
