Type,Name,Request Count,Failure Count,Median Response Time,Average Response Time,Min Response Time,Max Response Time,Average Content Size,Requests/s,Failures/s,50%,66%,75%,80%,90%,95%,98%,99%,99.9%,99.99%,100%
GET,auth.bootstrap,758,0,2600.0,3003.1275911613584,7.34580002608709,9867.571700015105,2841.0,6.403316026070569,0.0,2700,3900,4700,5300,6800,7500,8300,8700,9900,9900,9900
POST,auth.login,758,0,4800.0,5061.933842480145,347.6913000049535,11947.252500016475,996.0,6.403316026070569,0.0,4800,5900,6900,7500,8700,9900,11000,11000,12000,12000,12000
,Aggregated,1516,0,3700.0,4032.530716820749,7.34580002608709,11947.252500016475,1918.5,12.806632052141138,0.0,3700,5100,5900,6500,7800,8900,10000,11000,12000,12000,12000
