Type,Name,Request Count,Failure Count,Median Response Time,Average Response Time,Min Response Time,Max Response Time,Average Content Size,Requests/s,Failures/s,50%,66%,75%,80%,90%,95%,98%,99%,99.9%,99.99%,100%
GET,auth.bootstrap,831,0,61,294.4270592061626,6.089999980758876,2656.957999977749,2841.0,7.062716512049107,0.0,61,210,410,540,980,1200,1800,1900,2700,2700,2700
POST,auth.login,831,0,1800.0,1992.5995947047913,521.5061999915633,5861.0018999897875,996.0,7.062716512049107,0.0,1800,2100,2400,2700,3200,3600,4100,4700,5900,5900,5900
,Aggregated,1662,0,1100.0,1143.513326955477,6.089999980758876,5861.0018999897875,1918.5,14.125433024098214,0.0,1100,1600,1900,2000,2700,3200,3700,4100,5700,5900,5900
