Type,Name,Request Count,Failure Count,Median Response Time,Average Response Time,Min Response Time,Max Response Time,Average Content Size,Requests/s,Failures/s,50%,66%,75%,80%,90%,95%,98%,99%,99.9%,99.99%,100%
GET,auth.bootstrap,823,0,840.0,1461.6742004857317,5.618900002446026,9616.651499993168,2841.0,6.941616683241505,0.0,840,1600,2200,2600,4100,5100,6100,7000,9600,9600,9600
POST,auth.login,823,0,3100.0,3463.017629526364,518.2719999866094,11182.143500016537,996.0,6.941616683241505,0.0,3100,3800,4500,4900,6200,7200,8600,10000,11000,11000,11000
,Aggregated,1646,0,2000.0,2462.3459150060544,5.618900002446026,11182.143500016537,1918.5,13.88323336648301,0.0,2100,3000,3600,4100,5300,6400,7700,8800,11000,11000,11000
