Type,Name,Request Count,Failure Count,Median Response Time,Average Response Time,Min Response Time,Max Response Time,Average Content Size,Requests/s,Failures/s,50%,66%,75%,80%,90%,95%,98%,99%,99.9%,99.99%,100%
GET,auth.bootstrap,352,0,4500.0,4664.5342997167445,11.418599999160506,8478.625500007183,2841.0,6.036458147150825,0.0,4600,5200,5600,6000,6900,7200,7600,7800,8500,8500,8500
POST,auth.login,352,0,4900.0,4977.657907670614,466.015799989691,8718.532599988976,996.0,6.036458147150825,0.0,4900,5600,6100,6600,7200,7700,8100,8300,8700,8700,8700
,Aggregated,704,0,4700.0,4821.09610369368,11.418599999160506,8718.532599988976,1918.5,12.07291629430165,0.0,4700,5400,5900,6300,7000,7500,7800,8200,8700,8700,8700
