Type,Name,Request Count,Failure Count,Median Response Time,Average Response Time,Min Response Time,Max Response Time,Average Content Size,Requests/s,Failures/s,50%,66%,75%,80%,90%,95%,98%,99%,99.9%,99.99%,100%
GET,auth.bootstrap,367,0,2200.0,2424.8006043597875,29.40590000071097,7469.146400006139,2841.0,6.211484457758371,0.0,2200,2600,2800,3000,3800,4300,5500,6600,7500,7500,7500
POST,auth.login,367,0,2600.0,2877.907300545192,579.0035999962129,8058.5530000098515,996.0,6.211484457758371,0.0,2600,3100,3300,3600,4400,5000,6400,7100,8100,8100,8100
,Aggregated,734,0,2400.0,2651.353952452489,29.40590000071097,8058.5530000098515,1918.5,12.422968915516742,0.0,2400,2800,3100,3300,4200,4800,6100,7000,8100,8100,8100
