Type,Name,Request Count,Failure Count,Median Response Time,Average Response Time,Min Response Time,Max Response Time,Average Content Size,Requests/s,Failures/s,50%,66%,75%,80%,90%,95%,98%,99%,99.9%,99.99%,100%
GET,auth.bootstrap,392,0,400.0,548.578676020451,195.141699994565,4330.250500002876,4028.0,3.346577787612586,0.0,400,450,610,670,850,1200,2100,2700,4300,4300,4300
POST,auth.login,392,0,9300.0,9811.224065561377,938.2593000045745,14315.577400004258,1224.0,3.346577787612586,0.0,9300,10000,11000,12000,13000,14000,14000,14000,14000,14000,14000
,Aggregated,784,0,1800.0,5179.901370790915,195.141699994565,14315.577400004258,2626.0,6.693155575225172,0.0,2100,9000,9300,9600,12000,13000,14000,14000,14000,14000,14000
