Type,Name,Request Count,Failure Count,Median Response Time,Average Response Time,Min Response Time,Max Response Time,Average Content Size,Requests/s,Failures/s,50%,66%,75%,80%,90%,95%,98%,99%,99.9%,99.99%,100%
GET,auth.bootstrap,373,0,760.0,1174.3197187668743,315.87399999261834,4513.069099994027,4028.0,3.140815219774328,0.0,760,1100,1400,1700,2800,3100,3900,4000,4500,4500,4500
POST,auth.login,373,0,15000.0,15374.622353350698,7725.756100000581,21961.19770000223,1224.0,3.140815219774328,0.0,15000,15000,17000,18000,20000,20000,21000,22000,22000,22000,22000
,Aggregated,746,0,4500.0,8274.47103605878,315.87399999261834,21961.19770000223,2626.0,6.281630439548656,0.0,7700,14000,15000,15000,18000,20000,21000,21000,22000,22000,22000
