Type,Name,Request Count,Failure Count,Median Response Time,Average Response Time,Min Response Time,Max Response Time,Average Content Size,Requests/s,Failures/s,50%,66%,75%,80%,90%,95%,98%,99%,99.9%,99.99%,100%
GET,auth.bootstrap,369,0,3600.0,3795.029327370735,59.6666999917943,9616.349499992793,4028.0,3.16637764767238,0.0,3600,4500,5200,5600,7000,8000,8400,8500,9600,9600,9600
POST,auth.login,369,0,17000.0,17645.588337398058,1812.3445000092033,29598.679300004733,1224.0,3.16637764767238,0.0,17000,19000,20000,22000,25000,25000,27000,27000,30000,30000,30000
,Aggregated,738,0,8400.0,10720.308832384391,59.6666999917943,29598.679300004733,2626.0,6.33275529534476,0.0,8400,15000,17000,18000,22000,25000,26000,27000,30000,30000,30000
