Type,Name,Request Count,Failure Count,Median Response Time,Average Response Time,Min Response Time,Max Response Time,Average Content Size,Requests/s,Failures/s,50%,66%,75%,80%,90%,95%,98%,99%,99.9%,99.99%,100%
GET,auth.bootstrap,416,0,220.0,349.55331826939494,15.460599999642,2769.1488999989815,4028.0,3.520331698229547,0.0,220,290,380,460,760,950,1300,1800,2800,2800,2800
POST,auth.login,416,0,4400.0,4534.390938942649,515.7079000055091,7576.486500009196,1224.0,3.520331698229547,0.0,4400,4700,4800,5100,6100,7200,7400,7500,7600,7600,7600
,Aggregated,832,0,1600.0,2441.972128606024,15.460599999642,7576.486500009196,2626.0,7.040663396459094,0.0,1700,4100,4400,4600,5100,6100,7200,7400,7600,7600,7600
