Type,Name,Request Count,Failure Count,Median Response Time,Average Response Time,Min Response Time,Max Response Time,Average Content Size,Requests/s,Failures/s,50%,66%,75%,80%,90%,95%,98%,99%,99.9%,99.99%,100%
GET,auth.bootstrap,357,0,6100.0,6328.2421417365995,2601.307800010545,14659.671200002776,4028.0,3.0257715415036057,0.0,6100,6600,7600,8300,8900,9400,11000,11000,15000,15000,15000
POST,auth.login,357,0,19000.0,19396.451324369908,13625.546600000234,25634.165300012683,1224.0,3.0257715415036057,0.0,19000,21000,21000,22000,22000,23000,24000,25000,26000,26000,26000
,Aggregated,714,0,14000.0,12862.346733053262,2601.307800010545,25634.165300012683,2626.0,6.051543083007211,0.0,15000,18000,19000,20000,22000,22000,24000,24000,26000,26000,26000
