Type,Name,Request Count,Failure Count,Median Response Time,Average Response Time,Min Response Time,Max Response Time,Average Content Size,Requests/s,Failures/s,50%,66%,75%,80%,90%,95%,98%,99%,99.9%,99.99%,100%
POST,auth.login,5,0,1600.0,1506.9822399999794,1051.4014000000316,1934.6453999999085,1218.0,0.08702274090047328,0.0,1600,1900,1900,1900,1900,1900,1900,1900,1900,1900,1900
GET,read.business_profile,8,0,5.012200000010125,11.328787500048065,5.012200000010125,37.11599999996906,122.0,0.13923638544075725,0.0,6,7,20,20,37,37,37,37,37,37,37
GET,read.customers,24,0,13,16.405124999986736,11.528499999940323,76.49100000003273,16775.0,0.41770915632227174,0.0,13,13,15,15,16,25,76,76,76,76,76
GET,read.dashboard,42,0,32,39.87660952379559,28.85950000018056,142.05440000000635,9986.0,0.7309910235639755,0.0,32,35,38,46,64,74,140,140,140,140,140
GET,read.products,6,0,22,39.739966666616056,20.604300000059084,103.57239999984813,5162.0,0.10442728908056793,0.0,35,35,37,37,100,100,100,100,100,100,100
GET,read.sales,22,0,100.0,117.95406363639607,92.5811000001886,195.5992000000606,449350.8181818182,0.38290005996208243,0.0,100,110,120,140,180,180,200,200,200,200,200
GET,setup.customers,5,0,49,379.8883599999954,37.37460000002102,886.8542000000161,16775.0,0.08702274090047328,0.0,49,880,880,890,890,890,890,890,890,890,890
GET,setup.products,5,0,70,70.20456000004742,43.30640000011954,85.33250000004955,5162.0,0.08702274090047328,0.0,70,85,85,85,85,85,85,85,85,85,85
,Aggregated,117,0,33,126.30748632478634,5.012200000010125,1934.6453999999085,92781.64957264958,2.0363321370710747,0.0,33,64,94,99,140,890,1600,1900,1900,1900,1900
