Type,Name,Request Count,Failure Count,Median Response Time,Average Response Time,Min Response Time,Max Response Time,Average Content Size,Requests/s,Failures/s,50%,66%,75%,80%,90%,95%,98%,99%,99.9%,99.99%,100%
POST,auth.login,20,0,1700.0,1752.7423699999986,706.1959999998635,3267.2382000000653,1218.0,0.34417840422934237,0.0,1800,2200,2400,2600,3000,3300,3300,3300,3300,3300,3300
GET,read.business_profile,41,0,6,63.03510487804288,4.989100000102553,1459.7274000000198,122.0,0.7055657286701519,0.0,6,7,9,19,170,190,1500,1500,1500,1500,1500
GET,read.customers,95,0,14,63.85991368420755,11.627000000089538,2291.670700000168,16775.0,1.6348474200893763,0.0,14,15,19,20,47,84,1600,2300,2300,2300,2300
GET,read.dashboard,151,0,33,58.212336423850005,28.732200000149533,1486.2934000000223,9986.0,2.598546951931535,0.0,33,39,47,49,77,94,280,350,1500,1500,1500
GET,read.products,25,0,23,49.147204000000784,20.172799999954805,293.1790000000092,5162.0,0.430223005286678,0.0,23,25,27,62,85,270,290,290,290,290,290
GET,read.sales,77,0,110.0,145.83721948053028,90.64100000000508,412.47820000012325,449572.97402597405,1.3250868562829683,0.0,110,130,160,190,230,330,410,410,410,410,410
GET,setup.customers,20,0,1000.0,1057.5800999999726,14.005499999939275,2702.5735999998233,16775.0,0.34417840422934237,0.0,1300,1500,2100,2100,2200,2700,2700,2700,2700,2700,2700
GET,setup.products,20,0,270.0,530.6803099999797,22.909600000048158,1563.9341000000968,5162.0,0.34417840422934237,0.0,280,320,1500,1500,1600,1600,1600,1600,1600,1600,1600
,Aggregated,449,0,34,215.41068040089243,4.989100000102553,3267.2382000000653,85335.81737193764,7.726805174948737,0.0,34,84,110,150,350,1500,2200,2600,3300,3300,3300
