Type,Name,Request Count,Failure Count,Median Response Time,Average Response Time,Min Response Time,Max Response Time,Average Content Size,Requests/s,Failures/s,50%,66%,75%,80%,90%,95%,98%,99%,99.9%,99.99%,100%
POST,auth.login,10,0,1400.0,1666.7423300000337,1126.752500000066,2375.5115999999816,1218.0,0.16982328839440017,0.0,1700,1800,2000,2300,2400,2400,2400,2400,2400,2400,2400
GET,read.business_profile,26,0,5,6.8585923076642965,4.7128999999586085,21.76669999994374,122.0,0.44154054982544044,0.0,5,5,6,8,12,15,22,22,22,22,22
GET,read.customers,51,0,13,18.400931372547813,11.64440000002287,120.02250000000458,16775.0,0.8660987708114409,0.0,13,14,14,14,19,42,120,120,120,120,120
GET,read.dashboard,76,0,31,47.3722802631486,28.0692999999701,295.7576999999674,9986.0,1.2906569917974413,0.0,31,32,34,37,61,250,280,300,300,300,300
GET,read.products,19,0,21,23.252647368460536,19.452700000101686,59.18780000001789,5162.0,0.3226642479493603,0.0,21,22,22,22,25,59,59,59,59,59,59
GET,read.sales,30,0,98,119.82671666666344,90.57089999987511,265.5880999998317,447329.2,0.5094698651832006,0.0,98,110,140,150,190,230,270,270,270,270,270
GET,setup.customers,10,0,620.0,809.4086900000093,17.69519999993463,2004.789700000174,16775.0,0.16982328839440017,0.0,670,1300,1400,2000,2000,2000,2000,2000,2000,2000,2000
GET,setup.products,10,0,110.0,104.45262999999159,31.32529999993494,139.68729999987772,5162.0,0.16982328839440017,0.0,110,120,130,140,140,140,140,140,140,140,140
,Aggregated,232,0,30,148.96423491379096,4.7128999999586085,2375.5115999999816,66237.65948275862,3.939900290750084,0.0,30,37,92,96,170,1300,2000,2000,2400,2400,2400
