Type,Name,Request Count,Failure Count,Median Response Time,Average Response Time,Min Response Time,Max Response Time,Average Content Size,Requests/s,Failures/s,50%,66%,75%,80%,90%,95%,98%,99%,99.9%,99.99%,100%
GET,auth.bootstrap,257,0,6800.0,6802.397147471441,2955.71039999777,9326.29180001095,2841.0,4.4240466716478855,0.0,6800,7400,7700,8000,8800,8900,9100,9200,9300,9300,9300
POST,auth.login,257,0,6700.0,6644.07660350255,2368.887499993434,9316.485299990745,996.0,4.4240466716478855,0.0,6700,7400,7800,8000,8600,8900,9100,9300,9300,9300,9300
,Aggregated,514,0,6800.0,6723.236875486994,2368.887499993434,9326.29180001095,1918.5,8.848093343295771,0.0,6800,7400,7800,8000,8600,8900,9100,9300,9300,9300,9300
