Type,Name,Request Count,Failure Count,Median Response Time,Average Response Time,Min Response Time,Max Response Time,Average Content Size,Requests/s,Failures/s,50%,66%,75%,80%,90%,95%,98%,99%,99.9%,99.99%,100%
GET,auth.bootstrap,290,0,3300.0,3247.1079506897286,686.5172000107123,4850.890400004573,2841.0,4.928176085450404,0.0,3300,3400,3500,3600,3900,4200,4500,4600,4900,4900,4900
POST,auth.login,290,0,3500.0,3443.1347944824415,357.4313999997685,5007.960599992657,996.0,4.928176085450404,0.0,3500,3700,3800,3900,4200,4400,4800,4900,5000,5000,5000
,Aggregated,580,0,3400.0,3345.1213725860857,357.4313999997685,5007.960599992657,1918.5,9.856352170900808,0.0,3400,3500,3700,3800,4000,4300,4700,4800,5000,5000,5000
